{
  "clean_mpjpe": 0.09471199661493301,
  "clean_pampjpe": 0.058761625408792074,
  "clean_pck@0.5": 0.9075240304938681,
  "dose_grid": [
    0.0,
    0.2,
    0.4,
    0.6,
    0.8,
    1.0
  ],
  "displacement": [
    0.0007472116849385202,
    0.043501220643520355,
    0.13587869703769684,
    0.21463197469711304,
    0.28094953298568726,
    0.3332785964012146
  ],
  "tmpjpe": [
    0.08825823664665222,
    0.10838396847248077,
    0.11465324461460114,
    0.1277492195367813,
    0.1458362191915512,
    0.17006051540374756
  ],
  "nontarget_mpjpe": [
    0.0008006897405721247,
    0.01966475322842598,
    0.0323384590446949,
    0.04314028099179268,
    0.054464731365442276,
    0.06885723024606705
  ],
  "plausibility": [
    0.11262743175029755,
    0.11564850062131882,
    0.12394730746746063,
    0.1341315358877182,
    0.14464381337165833,
    0.1552255004644394
  ],
  "clean_target_floor": 0.08817625790834427,
  "dose_response": {
    "spearman": 1.0,
    "spearman_p": 0.0,
    "r2_ramp": 0.9914569183125421,
    "r2_step": 0.8085188321113692,
    "ramp_minus_step": 0.1829380862011729,
    "slope": 0.35053644832389946
  },
  "asr@ref": {
    "tmpjpe_mean": 0.17006051540374756,
    "clean_target_floor": 0.08817625790834427,
    "frac_landed": 0.48221191028615623,
    "frac_preserved": 0.925754060324826,
    "plausible": true,
    "asr": 0.477184841453983,
    "tau_attack": 0.1322643868625164
  }
}
