{
  "clean_mpjpe": 0.09728724509477615,
  "clean_pampjpe": 0.059413128864878685,
  "clean_pck@0.5": 0.9053419511656171,
  "dose_grid": [
    0.0,
    0.2,
    0.4,
    0.6,
    0.8,
    1.0
  ],
  "displacement": [
    0.0006897889543324709,
    0.055131398141384125,
    0.16330502927303314,
    0.24356567859649658,
    0.31389254331588745,
    0.37815314531326294
  ],
  "tmpjpe": [
    0.09092583507299423,
    0.11029873788356781,
    0.11987405270338058,
    0.14020515978336334,
    0.16466961801052094,
    0.19658620655536652
  ],
  "nontarget_mpjpe": [
    0.0007762217428535223,
    0.03034328483045101,
    0.05045285075902939,
    0.06934479624032974,
    0.09131216257810593,
    0.1192888617515564
  ],
  "plausibility": [
    0.11694305390119553,
    0.12292874604463577,
    0.13790175318717957,
    0.15279941260814667,
    0.1663142442703247,
    0.17776796221733093
  ],
  "clean_target_floor": 0.09092353284358978,
  "dose_response": {
    "spearman": 1.0,
    "spearman_p": 0.0,
    "r2_ramp": 0.9928854927692335,
    "r2_step": 0.7898346303036308,
    "ramp_minus_step": 0.20305086246560278,
    "slope": 0.3919801238059464
  },
  "asr@ref": {
    "tmpjpe_mean": 0.19658620655536652,
    "clean_target_floor": 0.09092353284358978,
    "frac_landed": 0.46442382057231246,
    "frac_preserved": 0.8043310131477185,
    "plausible": true,
    "asr": 0.44470224284609433,
    "tau_attack": 0.13638529926538467
  }
}
