{
  "clean_mpjpe": 0.09343995153903961,
  "clean_pampjpe": 0.059228981833916505,
  "clean_pck@0.5": 0.9099270798806761,
  "dose_grid": [
    0.0,
    0.2,
    0.4,
    0.6,
    0.8,
    1.0
  ],
  "displacement": [
    0.0006847438053227961,
    0.05907736346125603,
    0.15576551854610443,
    0.23134227097034454,
    0.2909831404685974,
    0.34211352467536926
  ],
  "tmpjpe": [
    0.08748766779899597,
    0.1012691929936409,
    0.1128692775964737,
    0.12764033675193787,
    0.14310970902442932,
    0.16586902737617493
  ],
  "nontarget_mpjpe": [
    0.0007218238315545022,
    0.021791156381368637,
    0.036230359226465225,
    0.04692342132329941,
    0.057424530386924744,
    0.0719316229224205
  ],
  "plausibility": [
    0.11723850667476654,
    0.12313299626111984,
    0.13607637584209442,
    0.14388491213321686,
    0.15156511962413788,
    0.15893684327602386
  ],
  "clean_target_floor": 0.08748293668031693,
  "dose_response": {
    "spearman": 1.0,
    "spearman_p": 0.0,
    "r2_ramp": 0.9904577149461179,
    "r2_step": 0.7921315338524407,
    "ramp_minus_step": 0.19832618109367717,
    "slope": 0.3540625696852137
  },
  "asr@ref": {
    "tmpjpe_mean": 0.16586902737617493,
    "clean_target_floor": 0.08748293668031693,
    "frac_landed": 0.48491879350348027,
    "frac_preserved": 0.9249806651198763,
    "plausible": true,
    "asr": 0.477184841453983,
    "tau_attack": 0.1312244050204754
  }
}
