{
  "clean_mpjpe": 0.09319344907999039,
  "clean_pampjpe": 0.05851737923966253,
  "clean_pck@0.5": 0.9102861562258314,
  "dose_grid": [
    0.0,
    0.2,
    0.4,
    0.6,
    0.8,
    1.0
  ],
  "displacement": [
    0.0,
    0.03927919268608093,
    0.13452018797397614,
    0.20727774500846863,
    0.2662644386291504,
    0.3084832429885864
  ],
  "tmpjpe": [
    0.08868904411792755,
    0.11240674555301666,
    0.11587734520435333,
    0.12721118330955505,
    0.14339886605739594,
    0.1673501431941986
  ],
  "nontarget_mpjpe": [
    0.0,
    0.01981552131474018,
    0.031150855123996735,
    0.03905289247632027,
    0.04530307278037071,
    0.052124932408332825
  ],
  "plausibility": [
    0.11263150721788406,
    0.11347676813602448,
    0.12182960659265518,
    0.13020043075084686,
    0.13805711269378662,
    0.14666999876499176
  ],
  "clean_target_floor": 0.08868904411792755,
  "dose_response": {
    "spearman": 1.0,
    "spearman_p": 0.0,
    "r2_ramp": 0.9859005114948209,
    "r2_step": 0.8070810477113153,
    "ramp_minus_step": 0.17881946378350566,
    "slope": 0.3280185014009474
  },
  "asr@ref": {
    "tmpjpe_mean": 0.1673501431941986,
    "clean_target_floor": 0.08868904411792755,
    "frac_landed": 0.4791183294663573,
    "frac_preserved": 0.9582366589327146,
    "plausible": true,
    "asr": 0.47641144624903325,
    "tau_attack": 0.13303356617689133
  }
}
