{
  "clean_mpjpe": 0.09516715258359909,
  "clean_pampjpe": 0.058286443776584304,
  "clean_pck@0.5": 0.9072201966633521,
  "dose_grid": [
    0.0,
    0.2,
    0.4,
    0.6,
    0.8,
    1.0
  ],
  "displacement": [
    0.0,
    0.0033949774224311113,
    0.005438018590211868,
    0.0073698740452528,
    0.009380682371556759,
    0.011386469937860966
  ],
  "tmpjpe": [
    0.08915197104215622,
    0.11899196356534958,
    0.175877183675766,
    0.23904171586036682,
    0.30346906185150146,
    0.3674178421497345
  ],
  "nontarget_mpjpe": [
    0.0,
    0.003675015876069665,
    0.005887945182621479,
    0.007956045679748058,
    0.010106448084115982,
    0.01222754642367363
  ],
  "plausibility": [
    0.10999787598848343,
    0.10998988151550293,
    0.10968390852212906,
    0.10943973809480667,
    0.10935872793197632,
    0.10933154821395874
  ],
  "clean_target_floor": 0.08915197104215622,
  "dose_response": {
    "spearman": 1.0,
    "spearman_p": 0.0,
    "r2_ramp": 0.9887713488747744,
    "r2_step": 0.7284086889215793,
    "ramp_minus_step": 0.2603626599531951,
    "slope": 0.010974474284531811
  },
  "asr@ref": {
    "tmpjpe_mean": 0.3674178421497345,
    "clean_target_floor": 0.08915197104215622,
    "frac_landed": 0.005413766434648105,
    "frac_preserved": 0.9980665119876256,
    "plausible": true,
    "asr": 0.005413766434648105,
    "tau_attack": 0.13372795656323433
  }
}
