{
  "clean_mpjpe": 0.0962795689702034,
  "clean_pampjpe": 0.05790874711327883,
  "clean_pck@0.5": 0.9085736382720141,
  "dose_grid": [
    0.0,
    0.2,
    0.4,
    0.6,
    0.8,
    1.0
  ],
  "displacement": [
    0.0007325107580982149,
    0.060930266976356506,
    0.1601889282464981,
    0.23736892640590668,
    0.30055856704711914,
    0.350655198097229
  ],
  "tmpjpe": [
    0.09130699932575226,
    0.1090489849448204,
    0.1221814751625061,
    0.13838158547878265,
    0.15407522022724152,
    0.17710676789283752
  ],
  "nontarget_mpjpe": [
    0.0008029422606341541,
    0.03200903907418251,
    0.05096980184316635,
    0.06457491964101791,
    0.07608717679977417,
    0.08954738825559616
  ],
  "plausibility": [
    0.11408353596925735,
    0.12102092802524567,
    0.13092072308063507,
    0.1393965482711792,
    0.14906908571720123,
    0.16106057167053223
  ],
  "clean_target_floor": 0.09133405983448029,
  "dose_response": {
    "spearman": 1.0,
    "spearman_p": 0.0,
    "r2_ramp": 0.9901280960626719,
    "r2_step": 0.7923779812405639,
    "ramp_minus_step": 0.19775011482210803,
    "slope": 0.36366833358104994
  },
  "asr@ref": {
    "tmpjpe_mean": 0.17710676789283752,
    "clean_target_floor": 0.09133405983448029,
    "frac_landed": 0.5112142304717711,
    "frac_preserved": 0.8766434648105181,
    "plausible": true,
    "asr": 0.4953596287703016,
    "tau_attack": 0.13700108975172043
  }
}
