{
  "clean_mpjpe": 0.09671428799629211,
  "clean_pampjpe": 0.05803831139678814,
  "clean_pck@0.5": 0.9088222295878908,
  "dose_grid": [
    0.0,
    0.2,
    0.4,
    0.6,
    0.8,
    1.0
  ],
  "displacement": [
    0.0007431855774484575,
    0.0674368292093277,
    0.16621430218219757,
    0.2447335571050644,
    0.3114514648914337,
    0.36956509947776794
  ],
  "tmpjpe": [
    0.08979330956935883,
    0.10371685773134232,
    0.12102100998163223,
    0.14061450958251953,
    0.16020160913467407,
    0.18404626846313477
  ],
  "nontarget_mpjpe": [
    0.0008306520758196712,
    0.0375344343483448,
    0.05830082297325134,
    0.07351826876401901,
    0.08582884818315506,
    0.10236310213804245
  ],
  "plausibility": [
    0.11062468588352203,
    0.11842984706163406,
    0.13195885717868805,
    0.1450323462486267,
    0.1581420749425888,
    0.16976739466190338
  ],
  "clean_target_floor": 0.08984320610761642,
  "dose_response": {
    "spearman": 1.0,
    "spearman_p": 0.0,
    "r2_ramp": 0.9935623665210797,
    "r2_step": 0.7861821374407091,
    "ramp_minus_step": 0.20738022908037057,
    "slope": 0.37923896163868304
  },
  "asr@ref": {
    "tmpjpe_mean": 0.18404626846313477,
    "clean_target_floor": 0.08984320610761642,
    "frac_landed": 0.48105181747873166,
    "frac_preserved": 0.8460943542150039,
    "plausible": true,
    "asr": 0.46558391337973704,
    "tau_attack": 0.13476480916142464
  }
}
