{
  "clean_mpjpe": 0.09220927208662033,
  "clean_pampjpe": 0.05921172195784776,
  "clean_pck@0.5": 0.9122472654955254,
  "dose_grid": [
    0.0,
    0.2,
    0.4,
    0.6,
    0.8,
    1.0
  ],
  "displacement": [
    0.0008156820549629629,
    0.014833811670541763,
    0.04230857640504837,
    0.09161873161792755,
    0.14233718812465668,
    0.18347199261188507
  ],
  "tmpjpe": [
    0.08683447539806366,
    0.12037032097578049,
    0.16546766459941864,
    0.19467070698738098,
    0.21586787700653076,
    0.24224424362182617
  ],
  "nontarget_mpjpe": [
    0.0008677092846482992,
    0.008261235430836678,
    0.014307205565273762,
    0.019731296226382256,
    0.024744562804698944,
    0.029066234827041626
  ],
  "plausibility": [
    0.11240995675325394,
    0.11392644047737122,
    0.11777909845113754,
    0.12506431341171265,
    0.13316966593265533,
    0.14127245545387268
  ],
  "clean_target_floor": 0.08678793162107468,
  "dose_response": {
    "spearman": 1.0,
    "spearman_p": 0.0,
    "r2_ramp": 0.9694639737999287,
    "r2_step": 0.807779923050224,
    "ramp_minus_step": 0.1616840507497047,
    "slope": 0.19215740533711914
  },
  "asr@ref": {
    "tmpjpe_mean": 0.24224424362182617,
    "clean_target_floor": 0.08678793162107468,
    "frac_landed": 0.22931167826759474,
    "frac_preserved": 0.991492652745553,
    "plausible": true,
    "asr": 0.228538283062645,
    "tau_attack": 0.13018189743161201
  }
}
